{"cameraMode":{"drawMode":0,"name":"Shaded","section":"Shading Mode"},"sceneLighting":true,"audioPlay":false,"sceneViewState":{"m_AlwaysRefresh":false,"showFog":true,"showSkybox":true,"showFlares":true,"showImageEffects":true,"showParticleSystems":true,"showVisualEffectGraphs":true,"m_FxEnabled":true},"in2DMode":false,"pivot":{"x":5.019418716430664,"y":39.16501998901367,"z":37.925872802734378},"rotation":{"x":-0.09914328157901764,"y":0.00241553015075624,"z":-0.0004457788309082389,"w":0.9952412843704224},"size":47.6807746887207,"orthographic":false}