{"cameraMode":{"drawMode":0,"name":"Shaded","section":"Shading Mode"},"sceneLighting":true,"audioPlay":false,"sceneViewState":{"m_AlwaysRefresh":false,"showFog":true,"showSkybox":true,"showFlares":true,"showImageEffects":true,"showParticleSystems":true,"showVisualEffectGraphs":true,"m_FxEnabled":true},"in2DMode":false,"pivot":{"x":18.573596954345704,"y":26.294782638549806,"z":-90.83792114257813},"rotation":{"x":-0.054692380130290988,"y":-0.07295086979866028,"z":0.004774295724928379,"w":-0.9960170984268189},"size":0.5313385725021362,"orthographic":false}