{"cameraMode":{"drawMode":0,"name":"Shaded","section":"Shading Mode"},"sceneLighting":true,"audioPlay":false,"sceneViewState":{"m_AlwaysRefresh":false,"showFog":true,"showSkybox":true,"showFlares":true,"showImageEffects":true,"showParticleSystems":true,"showVisualEffectGraphs":true,"m_FxEnabled":true},"in2DMode":false,"pivot":{"x":18.573596954345704,"y":26.294782638549806,"z":-90.83792114257813},"rotation":{"x":0.1466768980026245,"y":0.20345886051654817,"z":0.031637001782655719,"w":-0.9677146077156067},"size":9.440071105957032,"orthographic":false}