{"cameraMode":{"drawMode":0,"name":"Shaded","section":"Shading Mode"},"sceneLighting":true,"audioPlay":false,"sceneViewState":{"m_AlwaysRefresh":false,"showFog":true,"showSkybox":true,"showFlares":true,"showImageEffects":true,"showParticleSystems":true,"showVisualEffectGraphs":true,"m_FxEnabled":true},"in2DMode":false,"pivot":{"x":49.310462951660159,"y":-59.10394287109375,"z":59.239444732666019},"rotation":{"x":0.10469501465559006,"y":-0.38326191902160647,"z":0.04375787824392319,"w":0.9166943430900574},"size":268.119384765625,"orthographic":false}