{"cameraMode":{"drawMode":0,"name":"Shaded","section":"Shading Mode"},"sceneLighting":true,"audioPlay":false,"sceneViewState":{"m_AlwaysRefresh":false,"showFog":true,"showSkybox":true,"showFlares":true,"showImageEffects":true,"showParticleSystems":true,"showVisualEffectGraphs":true,"m_FxEnabled":true},"in2DMode":false,"pivot":{"x":-37.27515411376953,"y":11.506539344787598,"z":87.13156127929688},"rotation":{"x":0.02244093269109726,"y":0.20582985877990724,"z":0.005489269271492958,"w":-0.9785105586051941},"size":46.92329788208008,"orthographic":false}