{"cameraMode":{"drawMode":0,"name":"Shaded","section":"Shading Mode"},"sceneLighting":true,"audioPlay":false,"sceneViewState":{"m_AlwaysRefresh":false,"showFog":true,"showSkybox":true,"showFlares":true,"showImageEffects":true,"showParticleSystems":true,"showVisualEffectGraphs":true,"m_FxEnabled":true},"in2DMode":false,"pivot":{"x":95.57968139648438,"y":-17.124549865722658,"z":26.220836639404298},"rotation":{"x":0.19313457608222962,"y":-0.36508065462112429,"z":0.07772558927536011,"w":0.9074543118476868},"size":42.15874099731445,"orthographic":false}